"artifact_type","stable_id","version","function_name","subject_code","question_type","language","source_commit","commit_date_utc","change_reason","change_summary","content_hash","snapshot_path"
"groundtruth","CODE_MENTOR_CORE","v1","CodeMentor","","","mixed","511aa50726eca82952abff8f8b29642d20a4d019","2026-07-16T06:59:08.0000000Z","Add AI module prototype, operator UI, and docs","Initial snapshot imported from git history.","f25cc20690bd07a4d4b909ef73c1075ab4a9d5808ed12712e32cf1105579a7ea","src-dotnet\Ape.AiModule.Api\App_Data\ai-config-history\groundtruth\CODE_MENTOR_CORE\20260716065908000-v1-f25cc20690bd.json"
"groundtruth","EMBEDDING_TAGGING_CORE","v1","EmbeddingTagging","","","mixed","511aa50726eca82952abff8f8b29642d20a4d019","2026-07-16T06:59:08.0000000Z","Add AI module prototype, operator UI, and docs","Initial snapshot imported from git history.","2ca5f16a443142af90f09ad074c19b3954311e5deb417100294a3aff65c613f4","src-dotnet\Ape.AiModule.Api\App_Data\ai-config-history\groundtruth\EMBEDDING_TAGGING_CORE\20260716065908000-v1-2ca5f16a4431.json"
"groundtruth","EXTRACTED_CONTENT_CORE","v1","ExtractedContent","","","mixed","511aa50726eca82952abff8f8b29642d20a4d019","2026-07-16T06:59:08.0000000Z","Add AI module prototype, operator UI, and docs","Initial snapshot imported from git history.","b027873c390d32790dd46a28d399e2be20bb40a3061bab672569e0b45c588a27","src-dotnet\Ape.AiModule.Api\App_Data\ai-config-history\groundtruth\EXTRACTED_CONTENT_CORE\20260716065908000-v1-b027873c390d.json"
"groundtruth","GATEKEEPER_CORE","v1","Gatekeeper","","","mixed","511aa50726eca82952abff8f8b29642d20a4d019","2026-07-16T06:59:08.0000000Z","Add AI module prototype, operator UI, and docs","Initial snapshot imported from git history.","8dc50556493aca8ed06b042b3f1aeaa9d7b44987fc3ad52672affec4679bb33a","src-dotnet\Ape.AiModule.Api\App_Data\ai-config-history\groundtruth\GATEKEEPER_CORE\20260716065908000-v1-8dc50556493a.json"
"groundtruth","QGEN_C_FE","v1","QuestionGenerationReview","C","FE","en","511aa50726eca82952abff8f8b29642d20a4d019","2026-07-16T06:59:08.0000000Z","Add AI module prototype, operator UI, and docs","Initial snapshot imported from git history.","85d492157c597f4fa27cbb318e94fdfd6efce6a3bcac0dcea95e7038e8b08d81","src-dotnet\Ape.AiModule.Api\App_Data\ai-config-history\groundtruth\QGEN_C_FE\20260716065908000-v1-85d492157c59.json"
"groundtruth","QGEN_C_PE","v1","QuestionGenerationReview","C","PE","en","511aa50726eca82952abff8f8b29642d20a4d019","2026-07-16T06:59:08.0000000Z","Add AI module prototype, operator UI, and docs","Initial snapshot imported from git history.","0fa8f1f938dc475359a0caa998d993458222d7d636e5105a3534f3f64b320f25","src-dotnet\Ape.AiModule.Api\App_Data\ai-config-history\groundtruth\QGEN_C_PE\20260716065908000-v1-0fa8f1f938dc.json"
"groundtruth","QGEN_DSA_JAVA_FE","v1","QuestionGenerationReview","DSA_JAVA","FE","en","511aa50726eca82952abff8f8b29642d20a4d019","2026-07-16T06:59:08.0000000Z","Add AI module prototype, operator UI, and docs","Initial snapshot imported from git history.","1d89e913382a1a15b97f9f13822003b3f6842f350ff7c48651b263c5dccdf3d1","src-dotnet\Ape.AiModule.Api\App_Data\ai-config-history\groundtruth\QGEN_DSA_JAVA_FE\20260716065908000-v1-1d89e913382a.json"
"groundtruth","QGEN_DSA_JAVA_PE","v1","QuestionGenerationReview","DSA_JAVA","PE","en","511aa50726eca82952abff8f8b29642d20a4d019","2026-07-16T06:59:08.0000000Z","Add AI module prototype, operator UI, and docs","Initial snapshot imported from git history.","cdb5e8f64470fcd7c3dfc83e8a7e6d008f3b59ecf368640dbb0067f473ef46d8","src-dotnet\Ape.AiModule.Api\App_Data\ai-config-history\groundtruth\QGEN_DSA_JAVA_PE\20260716065908000-v1-cdb5e8f64470.json"
"groundtruth","QGEN_JAVA_OOP_FE","v1","QuestionGenerationReview","JAVA_OOP","FE","en","511aa50726eca82952abff8f8b29642d20a4d019","2026-07-16T06:59:08.0000000Z","Add AI module prototype, operator UI, and docs","Initial snapshot imported from git history.","d7281aa5d9f23734b370aeff736d33609bbe7487bbb75c2502e51c226724ef7d","src-dotnet\Ape.AiModule.Api\App_Data\ai-config-history\groundtruth\QGEN_JAVA_OOP_FE\20260716065908000-v1-d7281aa5d9f2.json"
"groundtruth","QGEN_JAVA_OOP_PE","v1","QuestionGenerationReview","JAVA_OOP","PE","en","511aa50726eca82952abff8f8b29642d20a4d019","2026-07-16T06:59:08.0000000Z","Add AI module prototype, operator UI, and docs","Initial snapshot imported from git history.","07bed941fa74b40d54d866032044c5cc4675d05f49b3070f9cc5a58867c55990","src-dotnet\Ape.AiModule.Api\App_Data\ai-config-history\groundtruth\QGEN_JAVA_OOP_PE\20260716065908000-v1-07bed941fa74.json"
"policies","code_mentor_policy_v1","v1","CodeMentor","","","","511aa50726eca82952abff8f8b29642d20a4d019","2026-07-16T06:59:08.0000000Z","Add AI module prototype, operator UI, and docs","Initial snapshot imported from git history.","9fa0783292ca198d42120ca05b0ccb13f09a4aab8f60b931c5cb73f5b43d3ad6","src-dotnet\Ape.AiModule.Api\App_Data\ai-config-history\policies\code_mentor_policy_v1\20260716065908000-v1-9fa0783292ca.json"
"policies","embedding_tagging_policy_v1","v1","EmbeddingTagging","","","","511aa50726eca82952abff8f8b29642d20a4d019","2026-07-16T06:59:08.0000000Z","Add AI module prototype, operator UI, and docs","Initial snapshot imported from git history.","1d6b36897d83a69d4477d882c8223a346d435a26429743ae6ee6c186ed052dda","src-dotnet\Ape.AiModule.Api\App_Data\ai-config-history\policies\embedding_tagging_policy_v1\20260716065908000-v1-1d6b36897d83.json"
"policies","extracted_content_policy_v1","v1","ExtractedContent","","","","511aa50726eca82952abff8f8b29642d20a4d019","2026-07-16T06:59:08.0000000Z","Add AI module prototype, operator UI, and docs","Initial snapshot imported from git history.","68e64c1f29d17594e88353fc690067baa532b98260c6ea5032d10accdaa54864","src-dotnet\Ape.AiModule.Api\App_Data\ai-config-history\policies\extracted_content_policy_v1\20260716065908000-v1-68e64c1f29d1.json"
"policies","gatekeeper_policy_v1","v1","Gatekeeper","","","","511aa50726eca82952abff8f8b29642d20a4d019","2026-07-16T06:59:08.0000000Z","Add AI module prototype, operator UI, and docs","Initial snapshot imported from git history.","9a509daad8c3c88e596cd5ce63833ee9465047f11f91800bad07a85cc556b81b","src-dotnet\Ape.AiModule.Api\App_Data\ai-config-history\policies\gatekeeper_policy_v1\20260716065908000-v1-9a509daad8c3.json"
"prompts","auto_tagging","v2","EmbeddingTagging","","","en","511aa50726eca82952abff8f8b29642d20a4d019","2026-07-16T06:59:08.0000000Z","Add AI module prototype, operator UI, and docs","Initial snapshot imported from git history.","b90fb7b5667855b4aa672b35a0c696fb2f2e125bdc0e5b0f7ef192ab49c8f2b4","src-dotnet\Ape.AiModule.Api\App_Data\ai-config-history\prompts\auto_tagging\20260716065908000-v2-b90fb7b56678.json"
"prompts","auto_tagging","v2","EmbeddingTagging","","","en","f79e31c968a9e91132d26175ec5fddd520c6cafb","2026-07-17T19:00:42.0000000Z","fix ai module","No content change relative to previous snapshot.","b90fb7b5667855b4aa672b35a0c696fb2f2e125bdc0e5b0f7ef192ab49c8f2b4","src-dotnet\Ape.AiModule.Api\App_Data\ai-config-history\prompts\auto_tagging\20260717190042000-v2-b90fb7b56678.json"
"prompts","auto_tagging","v2","EmbeddingTagging","","","en","414b1d8e9101455132a26bf6845c0d98b395192c","2026-07-17T20:20:33.0000000Z","update FE/PE question generation prompt quality","Changed fields: UpdatedAt","687a3167cbaed18a34ebafcc68b114d6ecb1bbcf47fd7e7f48823402a2130758","src-dotnet\Ape.AiModule.Api\App_Data\ai-config-history\prompts\auto_tagging\20260717202033000-v2-687a3167cbae.json"
"prompts","code_mentor","v3","CodeMentor","","","en","511aa50726eca82952abff8f8b29642d20a4d019","2026-07-16T06:59:08.0000000Z","Add AI module prototype, operator UI, and docs","Initial snapshot imported from git history.","4e41f3bd58b76f8f20502474a7bb142f7888773c026e91341adc7917d9a78111","src-dotnet\Ape.AiModule.Api\App_Data\ai-config-history\prompts\code_mentor\20260716065908000-v3-4e41f3bd58b7.json"
"prompts","code_mentor","v3","CodeMentor","","","en","f79e31c968a9e91132d26175ec5fddd520c6cafb","2026-07-17T19:00:42.0000000Z","fix ai module","No content change relative to previous snapshot.","4e41f3bd58b76f8f20502474a7bb142f7888773c026e91341adc7917d9a78111","src-dotnet\Ape.AiModule.Api\App_Data\ai-config-history\prompts\code_mentor\20260717190042000-v3-4e41f3bd58b7.json"
"prompts","code_mentor","v3","CodeMentor","","","en","414b1d8e9101455132a26bf6845c0d98b395192c","2026-07-17T20:20:33.0000000Z","update FE/PE question generation prompt quality","Changed fields: UpdatedAt","6db7f1d986db8bd9ec15e43f0b92345ffac47925022519c26741592653989d71","src-dotnet\Ape.AiModule.Api\App_Data\ai-config-history\prompts\code_mentor\20260717202033000-v3-6db7f1d986db.json"
"prompts","extract_content_vision","v2","ExtractedContent","","","en","511aa50726eca82952abff8f8b29642d20a4d019","2026-07-16T06:59:08.0000000Z","Add AI module prototype, operator UI, and docs","Initial snapshot imported from git history.","7c22e441514978080fd71985552ea218345526a43a49ce7884ad890a1071a2ff","src-dotnet\Ape.AiModule.Api\App_Data\ai-config-history\prompts\extract_content_vision\20260716065908000-v2-7c22e4415149.json"
"prompts","extract_content_vision","v2","ExtractedContent","","","en","f79e31c968a9e91132d26175ec5fddd520c6cafb","2026-07-17T19:00:42.0000000Z","fix ai module","No content change relative to previous snapshot.","7c22e441514978080fd71985552ea218345526a43a49ce7884ad890a1071a2ff","src-dotnet\Ape.AiModule.Api\App_Data\ai-config-history\prompts\extract_content_vision\20260717190042000-v2-7c22e4415149.json"
"prompts","extract_content_vision","v2","ExtractedContent","","","en","414b1d8e9101455132a26bf6845c0d98b395192c","2026-07-17T20:20:33.0000000Z","update FE/PE question generation prompt quality","Changed fields: UpdatedAt","1489a766e22effaa72acec2e5605fa2618916d2c21741bf6579b66a699b07d8e","src-dotnet\Ape.AiModule.Api\App_Data\ai-config-history\prompts\extract_content_vision\20260717202033000-v2-1489a766e22e.json"
"prompts","gatekeeper","v2","Gatekeeper","","","en","511aa50726eca82952abff8f8b29642d20a4d019","2026-07-16T06:59:08.0000000Z","Add AI module prototype, operator UI, and docs","Initial snapshot imported from git history.","6f1f8916905bd6e4371f4a84b4d3bb1ebda3baaef19eeffc733c108f6ab26c63","src-dotnet\Ape.AiModule.Api\App_Data\ai-config-history\prompts\gatekeeper\20260716065908000-v2-6f1f8916905b.json"
"prompts","gatekeeper","v2","Gatekeeper","","","en","f79e31c968a9e91132d26175ec5fddd520c6cafb","2026-07-17T19:00:42.0000000Z","fix ai module","No content change relative to previous snapshot.","6f1f8916905bd6e4371f4a84b4d3bb1ebda3baaef19eeffc733c108f6ab26c63","src-dotnet\Ape.AiModule.Api\App_Data\ai-config-history\prompts\gatekeeper\20260717190042000-v2-6f1f8916905b.json"
"prompts","gatekeeper","v2","Gatekeeper","","","en","414b1d8e9101455132a26bf6845c0d98b395192c","2026-07-17T20:20:33.0000000Z","update FE/PE question generation prompt quality","Changed fields: UpdatedAt","508ded9c086e41d60b74b677e2f2b5f46f79b2478ec2744543eb5149af33e395","src-dotnet\Ape.AiModule.Api\App_Data\ai-config-history\prompts\gatekeeper\20260717202033000-v2-508ded9c086e.json"
"prompts","question_generation","v2","QuestionGeneration","","","en","511aa50726eca82952abff8f8b29642d20a4d019","2026-07-16T06:59:08.0000000Z","Add AI module prototype, operator UI, and docs","Initial snapshot imported from git history.","0a3e9ab58483ea540039bf9da3974f9c879181c738fb053ad00f2affac786d97","src-dotnet\Ape.AiModule.Api\App_Data\ai-config-history\prompts\question_generation\20260716065908000-v2-0a3e9ab58483.json"
"prompts","question_generation","v4","QuestionGeneration","","","en","f79e31c968a9e91132d26175ec5fddd520c6cafb","2026-07-17T19:00:42.0000000Z","fix ai module","Changed fields: SystemPrompt, UserPrompt, Version","993fbf8b9ea36bf60e7fa03bf9e3f2063d99e9304de321248e313b54d50cfb2f","src-dotnet\Ape.AiModule.Api\App_Data\ai-config-history\prompts\question_generation\20260717190042000-v4-993fbf8b9ea3.json"
"prompts","question_generation","v8","QuestionGeneration","","","en","414b1d8e9101455132a26bf6845c0d98b395192c","2026-07-17T20:20:33.0000000Z","update FE/PE question generation prompt quality","Changed fields: UpdatedAt, UserPrompt, Version","0f93c23f042cfe7a5ac92e6930160431c07ba3a0859bce38c6830920810d906d","src-dotnet\Ape.AiModule.Api\App_Data\ai-config-history\prompts\question_generation\20260717202033000-v8-0f93c23f042c.json"
"prompts","question_generation_repair","v1","QuestionGenerationRepair","","","en","414b1d8e9101455132a26bf6845c0d98b395192c","2026-07-17T20:20:33.0000000Z","update FE/PE question generation prompt quality","Initial snapshot imported from git history.","626ecd234306d0e3480e7e7a209e488953bc23a5e2c674443630b399254dc56b","src-dotnet\Ape.AiModule.Api\App_Data\ai-config-history\prompts\question_generation_repair\20260717202033000-v1-626ecd234306.json"
"prompts","question_review","v2","QuestionReview","","","en","511aa50726eca82952abff8f8b29642d20a4d019","2026-07-16T06:59:08.0000000Z","Add AI module prototype, operator UI, and docs","Initial snapshot imported from git history.","89a083828ad477d3ae87803073f41b4e3765d91e91c6897c83fe3db7f82c56a5","src-dotnet\Ape.AiModule.Api\App_Data\ai-config-history\prompts\question_review\20260716065908000-v2-89a083828ad4.json"
"prompts","question_review","v4","QuestionReview","","","en","f79e31c968a9e91132d26175ec5fddd520c6cafb","2026-07-17T19:00:42.0000000Z","fix ai module","Changed fields: SystemPrompt, UserPrompt, Version","b5c616015a5dfbf04268856f5af88718820015d191df55ba722aabb1e99ffc54","src-dotnet\Ape.AiModule.Api\App_Data\ai-config-history\prompts\question_review\20260717190042000-v4-b5c616015a5d.json"
"prompts","question_review","v7","QuestionReview","","","en","414b1d8e9101455132a26bf6845c0d98b395192c","2026-07-17T20:20:33.0000000Z","update FE/PE question generation prompt quality","Changed fields: SystemPrompt, UpdatedAt, UserPrompt, Version","2888728ef063487d473f53590b0ad11a54e5fdea007a4ce26712b72ca095288b","src-dotnet\Ape.AiModule.Api\App_Data\ai-config-history\prompts\question_review\20260717202033000-v7-2888728ef063.json"
"rubrics","C_FE","v1","","C","FE","en","511aa50726eca82952abff8f8b29642d20a4d019","2026-07-16T06:59:08.0000000Z","Add AI module prototype, operator UI, and docs","Initial snapshot imported from git history.","908f937829390037723d31649adf95546d0351ee02e36ed92e035741f4211d96","src-dotnet\Ape.AiModule.Api\App_Data\ai-config-history\rubrics\C_FE\20260716065908000-v1-908f93782939.json"
"rubrics","C_PE","v1","","C","PE","en","511aa50726eca82952abff8f8b29642d20a4d019","2026-07-16T06:59:08.0000000Z","Add AI module prototype, operator UI, and docs","Initial snapshot imported from git history.","2a85a35d6fd99043a13ced6a6a67bea636f11f0be9944f3c697adc4c9924defe","src-dotnet\Ape.AiModule.Api\App_Data\ai-config-history\rubrics\C_PE\20260716065908000-v1-2a85a35d6fd9.json"
"rubrics","C_PE","v1","","C","PE","en","414b1d8e9101455132a26bf6845c0d98b395192c","2026-07-17T20:20:33.0000000Z","update FE/PE question generation prompt quality","Changed fields: few_shot_examples, quality_dimensions, quality_exemplars, quality_red_flags, quality_regeneration_hints","56983f35f18c695919e6cc439919f34381740073cad010d433389572cb59dbd0","src-dotnet\Ape.AiModule.Api\App_Data\ai-config-history\rubrics\C_PE\20260717202033000-v1-56983f35f18c.json"
"rubrics","CODE_MENTOR","v1","CodeMentor","","","en","511aa50726eca82952abff8f8b29642d20a4d019","2026-07-16T06:59:08.0000000Z","Add AI module prototype, operator UI, and docs","Initial snapshot imported from git history.","75c79c3382fdece783c23d626e817c925c46da30e3ddaf4f059246ba4b93a9ff","src-dotnet\Ape.AiModule.Api\App_Data\ai-config-history\rubrics\CODE_MENTOR\20260716065908000-v1-75c79c3382fd.json"
"rubrics","DSA_JAVA_FE","v1","","DSA_JAVA","FE","en","511aa50726eca82952abff8f8b29642d20a4d019","2026-07-16T06:59:08.0000000Z","Add AI module prototype, operator UI, and docs","Initial snapshot imported from git history.","d0a365ae9125a7818553f44a39500a516336390366faed820c245dc4437a3458","src-dotnet\Ape.AiModule.Api\App_Data\ai-config-history\rubrics\DSA_JAVA_FE\20260716065908000-v1-d0a365ae9125.json"
"rubrics","DSA_JAVA_PE","v1","","DSA_JAVA","PE","en","511aa50726eca82952abff8f8b29642d20a4d019","2026-07-16T06:59:08.0000000Z","Add AI module prototype, operator UI, and docs","Initial snapshot imported from git history.","76ee6bd39f93131abb8bbccb1f2229328381b69128255f65917e1125c9c639e4","src-dotnet\Ape.AiModule.Api\App_Data\ai-config-history\rubrics\DSA_JAVA_PE\20260716065908000-v1-76ee6bd39f93.json"
"rubrics","DSA_JAVA_PE","v1","","DSA_JAVA","PE","en","414b1d8e9101455132a26bf6845c0d98b395192c","2026-07-17T20:20:33.0000000Z","update FE/PE question generation prompt quality","Changed fields: few_shot_examples, quality_dimensions, quality_exemplars, quality_red_flags, quality_regeneration_hints","41f3a6e6c99df36829cc89f32b4c03d806900d0cc9c9dccedc7f35ebebd751b5","src-dotnet\Ape.AiModule.Api\App_Data\ai-config-history\rubrics\DSA_JAVA_PE\20260717202033000-v1-41f3a6e6c99d.json"
"rubrics","EMBEDDING_TAGGING","v1","EmbeddingTagging","","","en","511aa50726eca82952abff8f8b29642d20a4d019","2026-07-16T06:59:08.0000000Z","Add AI module prototype, operator UI, and docs","Initial snapshot imported from git history.","dc7a2f4accbbcd1b59c46fbe7d5c668bea18e125586e0aa8eda3f00f3f18c6f0","src-dotnet\Ape.AiModule.Api\App_Data\ai-config-history\rubrics\EMBEDDING_TAGGING\20260716065908000-v1-dc7a2f4accbb.json"
"rubrics","EXTRACTED_CONTENT","v1","ExtractedContent","","","en","511aa50726eca82952abff8f8b29642d20a4d019","2026-07-16T06:59:08.0000000Z","Add AI module prototype, operator UI, and docs","Initial snapshot imported from git history.","b0715bc3167ca687712d81c7ed90524619be5553fdefcd69608cacb172bd9230","src-dotnet\Ape.AiModule.Api\App_Data\ai-config-history\rubrics\EXTRACTED_CONTENT\20260716065908000-v1-b0715bc3167c.json"
"rubrics","GATEKEEPER","v1","Gatekeeper","","","en","511aa50726eca82952abff8f8b29642d20a4d019","2026-07-16T06:59:08.0000000Z","Add AI module prototype, operator UI, and docs","Initial snapshot imported from git history.","98c02657c7cc7f979d1f01b97c817a2e78732c6d0e081809efc96ce72a26b292","src-dotnet\Ape.AiModule.Api\App_Data\ai-config-history\rubrics\GATEKEEPER\20260716065908000-v1-98c02657c7cc.json"
"rubrics","JAVA_OOP_FE","v1","","JAVA_OOP","FE","en","511aa50726eca82952abff8f8b29642d20a4d019","2026-07-16T06:59:08.0000000Z","Add AI module prototype, operator UI, and docs","Initial snapshot imported from git history.","599216cad4a6f861478f92cf54bde63f29ccf1803a957aea8a0530c8de3ffb34","src-dotnet\Ape.AiModule.Api\App_Data\ai-config-history\rubrics\JAVA_OOP_FE\20260716065908000-v1-599216cad4a6.json"
"rubrics","JAVA_OOP_PE","v1","","JAVA_OOP","PE","en","511aa50726eca82952abff8f8b29642d20a4d019","2026-07-16T06:59:08.0000000Z","Add AI module prototype, operator UI, and docs","Initial snapshot imported from git history.","4d549204d4ea2db98046a668eb26cd2556016477c8ff9e3b4c4ad1abcba8cc71","src-dotnet\Ape.AiModule.Api\App_Data\ai-config-history\rubrics\JAVA_OOP_PE\20260716065908000-v1-4d549204d4ea.json"
"rubrics","JAVA_OOP_PE","v1","","JAVA_OOP","PE","en","414b1d8e9101455132a26bf6845c0d98b395192c","2026-07-17T20:20:33.0000000Z","update FE/PE question generation prompt quality","Changed fields: few_shot_examples, quality_dimensions, quality_exemplars, quality_red_flags, quality_regeneration_hints","c2d838d539d92b2ae9dde78bc896dcbf70afbc4533ff155f808dd3987e6e5a23","src-dotnet\Ape.AiModule.Api\App_Data\ai-config-history\rubrics\JAVA_OOP_PE\20260717202033000-v1-c2d838d539d9.json"
